,#,"Country,Other",TotalCases,NewCases,TotalDeaths,NewDeaths,TotalRecovered,NewRecovered,ActiveCases,"Serious,Critical",Tot Cases/1M pop,Deaths/1M pop,TotalTests,Tests/,1M pop,,Population,Continent,1 Caseevery X ppl1 Deathevery X ppl1 Testevery X ppl,New Cases/1M pop,New Deaths/1M pop,Active Cases/1M pop,
,,,North America,,"117,255,163",,"1,547,054",,"112,560,982","+2,475","3,147,127","7,706",,,,,,North America,,,,,,,,
,,,Asia,,"191,939,116","+33,440","1,484,215",+5,"185,959,514","+31,999","4,495,387","9,528",,,,,,Asia,,,,,,,,
,,,Europe,,"231,671,114",,"1,930,872",,"224,036,828","+28,289","5,703,414","10,056",,,,,,Europe,,,,,,,,
,,,South America,,"64,268,411",,"1,331,534",,"62,578,553","+1,544","358,324","10,165",,,,,,South America,,,,,,,,
,,,Oceania,,"12,514,512","+1,087","21,352",+12,"12,313,681",,"179,479",91,,,,,,Australia/Oceania,,,,,,,,
,,,Africa,,"12,659,954",,"257,742",,"11,998,118",,"404,094","1,000",,,,,,Africa,,,,,,,,
,,,,,721,,15,,706,,0,0,,,,,,,,,,,,,,
,,World,"630,308,991","+34,527","6,572,784",+17,"609,448,382","+64,306","14,287,825","38,546","80,863",843.2,,,,All,,,,,,,,
,1,USA,"98,877,887",,"1,090,802 ",,"96,231,184",,"1,555,901","2,522","295,330","3,258","1,124,124,211","3,357,546","334,805,269 ",North America,33070,,,"4,647",
,2,India,"44,632,004",,"528,905 ",,"44,075,149",,"27,950",698,"31,730",376,"897,877,536","638,317","1,406,631,776 ",Asia,"322,6602",,,20,
,3,France,"36,268,028",,"155,980 ",,"35,082,194",,"1,029,854",869,"552,997","2,378","271,490,188","4,139,547","65,584,518 ",Europe,24200,,,"15,703",
,4,Brazil,"34,796,212",,"687,293 ",,"33,953,433",,"155,486","8,318","161,577","3,191","63,776,166","296,146","215,353,593 ",South America,63133,,,722,
,5,Germany,"34,758,889",,"151,629 ",,"32,936,700",,"1,670,560","1,406","414,371","1,808","122,332,384","1,458,359","83,883,596 ",Europe,25531,,,"19,915",
,6,S. Korea,"25,164,695","+33,190","28,856 ",+5,"24,740,250","+28,455","395,589",247,"490,254",562,"15,804,065","307,892","51,329,899 ",Asia,"21,7793",647,0.10,"7,707",
,7,UK,"23,798,793",,"191,681 ",,"23,428,718","+7,770","178,394",146,"347,438","2,798","522,526,476","7,628,357","68,497,907 ",Europe,33570,,,"2,604",
,8,Italy,"23,114,013",,"178,081 ",,"22,391,844",,"544,088",254,"383,554","2,955","250,156,683","4,151,098","60,262,770 ",Europe,33380,,,"9,029",
,9,Japan,"21,772,967",,"45,890 ",,"20,453,316",,"1,273,761",118,"173,373",365,"76,201,407","606,772","125,584,838 ",Asia,"62,7372",,,"10,143",
,10,Russia,"21,314,957",,"388,993 ",,"20,618,358",,"307,606","2,300","146,187","2,668","273,400,000","1,875,095","145,805,947 ",Europe,73751,,,"2,110",
,11,Turkey,"16,919,638",,"101,203 ",,"16,811,829","+3,302","6,606",,"197,747","1,183","162,743,369","1,902,052","85,561,976 ",Asia,58451,,,77,
,12,Spain,"13,462,593",,"114,641 ",,"13,257,857",,"90,095",339,"288,160","2,454","471,036,328","10,082,298","46,719,142 ",Europe,34080,,,"1,928",
,13,Vietnam,"11,493,271",,"43,157 ",,"10,599,201",,"850,913",92,"116,148",436,"85,826,548","867,342","98,953,541 ",Asia,"92,2931",,,"8,599",
,14,Australia,"10,311,612","+1,087","15,487 ",+12,"10,216,900",,"79,225",36,"395,554",594,"78,835,048","3,024,116","26,068,792 ",Australia/Oceania,"31,6830",42,0.5,"3,039",
,15,Argentina,"9,715,464",,"129,970 ",,"9,578,450",+630,"7,044",259,"211,159","2,825","35,716,069","776,264","46,010,234 ",South America,53541,,,153,
,16,Netherlands,"8,476,062",,"22,721 ",,"8,384,006","+1,147","69,335",39,"492,467","1,320","21,107,399","1,226,358","17,211,447 ",Europe,27581,,,"4,028",
,17,Iran,"7,554,703",,"144,523 ",,"7,329,344",,"80,836",124,"87,822","1,680","54,095,556","628,851","86,022,837 ",Asia,115952,,,940,
,18,Taiwan,"7,212,738",,"11,961 ",,"6,312,547",,"888,230",,"301,932",501,"27,073,308","1,133,315","23,888,595 ",Asia,"31,9971",,,"37,182",
,19,Mexico,"7,102,947",,"330,277 ",,"6,375,138",,"397,532","4,798","53,989","2,510","18,523,417","140,795","131,562,772 ",North America,193987,,,"3,022",
,20,Indonesia,"6,458,101",,"158,327 ",,"6,282,951",,"16,823","2,771","23,136",567,"109,672,450","392,902","279,134,505 ",Asia,"431,7633",,,60,
,21,Poland,"6,327,033",,"117,900 ",,"5,335,940",,"873,193","3,650","167,649","3,124","37,527,211","994,367","37,739,785 ",Europe,63201,,,"23,137",
,22,Colombia,"6,308,558",,"141,820 ",,"6,136,591",,"30,147",342,"122,466","2,753","36,654,229","711,556","51,512,762 ",South America,83631,,,585,
,23,Portugal,"5,509,424",,"25,125 ",,"5,435,539",+935,"48,760",61,"543,305","2,478","45,059,939","4,443,531","10,140,570 ",Europe,24040,,,"4,808",
,24,Austria,"5,346,939",,"20,928 ",,"5,202,545",,"123,466",47,"589,733","2,308","198,972,158","21,945,354","9,066,710 ",Europe,24330,,,"13,618",
,25,Ukraine,"5,177,217",,"109,206 ",,"5,068,011","+6,307",0,177,"119,865","2,528","19,521,252","451,963","43,192,122 ",Europe,83962,,,,
,26,Greece,"5,026,494",,"33,313 ",,"4,963,793","+7,347","29,388",115,"487,222","3,229","95,536,498","9,260,430","10,316,637 ",Europe,23100,,,"2,849",
,27,Malaysia,"4,867,192",,"36,417 ",,"4,806,883",,"23,892",36,"146,686","1,098","64,999,917","1,958,946","33,181,072 ",Asia,79111,,,720,
,28,DPRK,"4,772,813",,74 ,,"4,772,739",,0,,"183,636",3,,,"25,990,679 ",Asia,"5351,225",,,,
,29,Thailand,"4,687,281",,"32,882 ",,"4,649,509",,"4,890","1,496","66,886",469,"17,270,775","246,450","70,078,203 ",Asia,"152,1314",,,70,
,30,Chile,"4,682,067",,"61,448 ",,"4,600,875",,"19,744",85,"243,222","3,192","45,674,866","2,372,696","19,250,195 ",South America,43130,,,"1,026",
,31,Israel,"4,673,411",,"11,717 ",,"4,655,872",,"5,822",90,"501,116","1,256","41,373,364","4,436,346","9,326,000 ",Asia,27960,,,624,
,32,Belgium,"4,586,564",,"32,776 ",,"4,481,624","+1,405","72,164",68,"393,080","2,809","35,787,160","3,067,047","11,668,278 ",Europe,33560,,,"6,185",
,33,Canada,"4,293,273",,"45,689 ",,"4,177,877","+2,475","69,707",99,"111,838","1,190","65,412,557","1,703,966","38,388,419 ",North America,98401,,,"1,816",
,34,Peru,"4,150,544",,"216,860 ",,"3,929,140",+551,"4,544",118,"123,219","6,438","35,462,029","1,052,779","33,684,208 ",South America,81551,,,135,
,35,Switzerland,"4,144,447",,"14,203 ",,"4,049,778","+1,973","80,466",54,"472,375","1,619","22,476,990","2,561,878","8,773,637 ",Europe,26180,,,"9,171",
,36,Czechia,"4,141,069",,"41,388 ",,"4,084,227",,"15,454",54,"385,690","3,855","56,380,239","5,251,129","10,736,784 ",Europe,32590,,,"1,439",
,37,South Africa,"4,023,732",,"102,246 ",,"3,912,506",,"8,980",192,"66,228","1,683","26,174,429","430,811","60,756,135 ",Africa,155942,,,148,
,38,Philippines,"3,984,815",,"63,547 ",,"3,895,420",,"25,848",646,"35,418",565,"33,092,842","294,135","112,508,994 ",Asia,"281,7703",,,230,
,39,Romania,"3,280,165",,"67,124 ",,"3,202,818",,"10,223",97,"172,356","3,527","25,307,177","1,329,764","19,031,335 ",Europe,62841,,,537,
,40,Denmark,"3,127,601",,"7,195 ",,"3,106,743",,"13,663",3,"536,012","1,233","128,541,575","22,029,593","5,834,950 ",Europe,28110,,,"2,342",
,41,Sweden,"2,604,866",,"20,407 ",,"2,560,188",+414,"24,271",17,"254,905","1,997","19,010,468","1,860,311","10,218,971 ",Europe,45011,,,"2,375",
,42,Iraq,"2,460,868",,"25,356 ",,"2,435,048",,464,21,"58,363",601,"19,350,944","458,934","42,164,965 ",Asia,"171,6632",,,11,
,43,Serbia,"2,389,987",,"17,144 ",,"2,342,386",,"30,457",18,"276,203","1,981","11,230,929","1,297,921","8,653,016 ",Europe,45051,,,"3,520",
,44,Hungary,"2,120,543",,"47,680 ",,"2,036,700",,"36,163",32,"220,746","4,963","11,394,556","1,186,160","9,606,259 ",Europe,52011,,,"3,765",
,45,Bangladesh,"2,032,832",,"29,402 ",,"1,974,852",,"28,578","1,331","12,108",175,"14,949,905","89,048","167,885,689 ",Asia,"835,71011",,,170,
,46,Singapore,"2,017,261",,"1,646 ",,"1,923,390",,"92,225",15,"339,404",277,"24,548,641","4,130,302","5,943,546 ",Asia,"33,6110",,,"15,517",
,47,Slovakia,"1,849,602",,"20,518  ",,"1,823,935",,"5,149",42,"338,743","3,758","7,318,689","1,340,372","5,460,193 ",Europe,32661,,,943,
,48,Hong Kong,"1,843,209",,"10,278 ",,"1,641,696",,"191,235",11,"242,390","1,352","66,284,763","8,716,749","7,604,299 ",Asia,47400,,,"25,148",
,49,New Zealand,"1,814,890",,"3,047 ",,"1,798,540",,"13,303",,"370,522",622,"7,544,063","1,540,170","4,898,203 ",Australia/Oceania,"31,6081",,,"2,716",
,50,Georgia,"1,780,691",,"16,900 ",,"1,637,293",,"126,498",,"448,679","4,258","16,920,079","4,263,340","3,968,738 ",Asia,22350,,,"31,874",
,51,Jordan,"1,746,997",,"14,122 ",,"1,731,007",,"1,868",59,"169,597","1,371","17,201,885","1,669,945","10,300,869 ",Asia,67291,,,181,
,52,Ireland,"1,668,301",,"7,952 ",,"1,653,448",,"6,901",16,"332,318","1,584","12,749,296","2,539,600","5,020,199 ",Europe,36310,,,"1,375",
,53,Pakistan,"1,573,403",,"30,621 ",,"1,538,689",,"4,093",24,"6,856",133,"30,570,862","133,213","229,488,994 ",Asia,"1467,4948",,,18,
,54,Norway,"1,463,571",,"4,153 ",,"1,458,284",,"1,134",20,"265,555",754,"11,002,430","1,996,315","5,511,370 ",Europe,"41,3271",,,206,
,55,Kazakhstan,"1,394,287",,"13,692 ",,"1,379,442",,"1,153",24,"72,600",713,"11,575,012","602,707","19,205,043 ",Asia,"141,4032",,,60,
,56,Finland,"1,323,455",,"6,242 ",,"1,288,040","+1,146","29,173",21,"238,247","1,124","11,581,841","2,084,955","5,554,960 ",Europe,48900,,,"5,252",
,57,Bulgaria,"1,271,228",,"37,795 ",,"1,223,025",,"10,408",54,"185,727","5,522","10,643,594","1,555,036","6,844,597 ",Europe,51811,,,"1,521",
,58,Morocco,"1,265,232",,"16,279 ",,"1,248,817",,136,293,"33,496",431,"12,628,380","334,325","37,772,756 ",Africa,"302,3203",,,4,
,59,Lithuania,"1,261,643",,"9,363 ",,"1,237,334",,"14,946",8,"473,998","3,518","10,203,894","3,833,589","2,661,708 ",Europe,22840,,,"5,615",
,60,Croatia,"1,241,791",,"17,032 ",,"1,221,226",,"3,533",22,"305,914","4,196","5,315,060","1,309,358","4,059,286 ",Europe,32381,,,870,
,61,Lebanon,"1,216,999",,"10,688 ",,"1,087,587",,"118,724",74,"182,053","1,599","4,795,578","717,380","6,684,849 ",Asia,56251,,,"17,760",
,62,Slovenia,"1,216,276",,"6,855 ",,"1,180,878",,"28,543",27,"585,301","3,299","2,756,417","1,326,454","2,078,034 ",Europe,23031,,,"13,736",
,63,Tunisia,"1,145,930",,"29,254 ",,N/A,N/A,N/A,101,"95,124","2,428","4,952,266","411,091","12,046,656 ",Africa,114122,,,554,
,64,Guatemala,"1,133,517",,"19,854 ",,"1,112,040",,"1,623",5,"60,994","1,068","6,019,393","323,901","18,584,039 ",North America,169363,,,87,
,65,Costa Rica,"1,127,602",,"8,974 ",,"860,711",,"257,917",52,"217,585","1,732","4,659,757","899,158","5,182,354 ",North America,55771,,,"49,768",
,66,Cuba,"1,111,260",,"8,530 ",,"1,102,654",,76,23,"98,292",754,"14,166,734","1,253,067","11,305,652 ",North America,"101,3251",,,7,
,67,Bolivia,"1,108,996",,"22,237 ",,"1,061,205",,"25,554",220,"92,473","1,854","2,705,422","225,590","11,992,656 ",South America,115394,,,"2,131",
,68,UAE,"1,033,158",,"2,347 ",,"1,012,057",,"18,754",,"102,478",233,"193,078,317","19,151,204","10,081,785 ",Asia,"104,2960",,,"1,860",
,69,Ecuador,"1,006,922",,"35,904 ",,"969,617",+363,"1,401",759,"55,590","1,982","3,082,403","170,173","18,113,361 ",South America,185046,,,77,
,70,Nepal,"1,000,191",,"12,018 ",,"987,462",,711,,"33,091",398,"5,949,326","196,831","30,225,582 ",Asia,"302,5155",,,24,
,71,Belarus,"994,037",,"7,118 ",,"985,592",,"1,327",,"105,381",755,"13,646,641","1,446,722","9,432,800 ",Europe,"91,3251",,,141,
,72,Uruguay,"988,527",,"7,510 ",,"980,097",,920,18,"282,758","2,148","6,114,822","1,749,083","3,496,016 ",South America,44661,,,263,
,73,Panama,"988,280",,"8,505 ",,"978,903",,872,16,"222,237","1,913","7,104,713","1,597,655","4,446,964 ",North America,45231,,,196,
,74,Mongolia,"983,988",,"2,179 ",,"980,825",,984,192,"291,286",645,"4,030,048","1,193,000","3,378,078 ",Asia,"31,5501",,,291,
,75,Latvia,"944,302",,"6,028 ",,"926,487",,"11,787",3,"510,755","3,260","7,704,267","4,167,088","1,848,837 ",Europe,23070,,,"6,375",
,76,Azerbaijan,"822,617",,"9,932 ",,"812,247",,438,,"79,864",964,"7,290,601","707,811","10,300,205 ",Asia,"131,0371",,,43,
,77,Saudi Arabia,"819,083",,"9,383 ",,"805,670",,"4,030",34,"22,851",262,"44,452,841","1,240,144","35,844,909 ",Asia,"443,8201",,,112,
,78,Paraguay,"717,260",,"19,596 ",,"697,361",,303,7,"98,176","2,682","2,657,506","363,751","7,305,843 ",South America,103733,,,41,
,79,Bahrain,"685,969",,"1,523 ",,"682,010",,"2,436",1,"384,515",854,"10,443,468","5,854,018","1,783,983 ",Asia,"31,1710",,,"1,365",
,80,Sri Lanka,"670,929",,"16,769 ",,"654,125",,35,,"31,096",777,"6,486,117","300,619","21,575,842 ",Asia,"321,2873",,,2,
,81,Kuwait,"661,333",,"2,565 ",,"657,776",,992,1,"150,978",586,"8,401,040","1,917,903","4,380,326 ",Asia,"71,7081",,,226,
,82,Dominican Republic,"647,205",,"4,384 ",,"642,571",,250,4,"58,537",397,"3,657,057","330,765","11,056,370 ",North America,"172,5223",,,23,
,83,Myanmar,"628,577",,"19,470 ",,"597,898",,"11,209",,"11,382",353,"9,056,450","163,985","55,227,143 ",Asia,"882,8376",,,203,
,84,Palestine,"620,757",,"5,404 ",,"614,914",,439,17,"116,126","1,011","3,078,533","575,907","5,345,541 ",Asia,99892,,,82,
,85,Estonia,"604,380",,"2,713 ",,"524,990",,"76,677",7,"457,202","2,052","3,553,431","2,688,104","1,321,910 ",Europe,24870,,,"58,005",
,86,Cyprus,"593,542",,"1,189 ",,"584,124",,"8,229",60,"485,163",972,"9,640,118","7,879,860","1,223,387 ",Asia,"21,0290",,,"6,726",
,87,Moldova,"591,853",,"11,870 ",,"504,142",,"75,841",49,"147,478","2,958","3,216,305","801,437","4,013,171 ",Europe,73381,,,"18,898",
,88,Venezuela,"545,323",,"5,820 ",,"538,936",,567,36,"18,633",199,"3,359,014","114,771","29,266,991 ",South America,"545,0299",,,19,
,89,Egypt,"515,645",,"24,613 ",,"442,182",,"48,850",122,"4,857",232,"3,693,367","34,792","106,156,692 ",Africa,"2064,31329",,,460,
,90,Libya,"507,024",,"6,437 ",,"500,547",,40,101,"72,013",914,"2,482,490","352,589","7,040,745 ",Africa,"141,0943",,,6,
,91,Ethiopia,"493,783",,"7,572 ",,"472,025",,"14,186",,"4,087",63,"5,289,299","43,781","120,812,698 ",Africa,"24515,95523",,,117,
,92,Réunion,"473,028",,896 ,,"418,572",,"53,560",10,"520,921",987,"1,603,660","1,766,027","908,061 ",Africa,"21,0131",,,"58,983",
,93,Qatar,"462,716",,683 ,,"459,490",,"2,543",,"155,278",229,"4,002,884","1,343,288","2,979,915 ",Asia,"64,3631",,,853,
,94,Honduras,"456,886",,"11,007 ",,N/A,N/A,N/A,105,"44,700","1,077","1,538,888","150,558","10,221,247 ",North America,229297,,,"30,655",
,95,Armenia,"444,869",,"8,706 ",,"433,602",,"2,561",,"149,688","2,929","3,223,133","1,084,512","2,971,966 ",Asia,73411,,,862,
,96,Bosnia and Herzegovina,"399,499",,"16,160 ",,"377,199",,"6,140",,"122,949","4,973","1,868,599","575,074","3,249,317 ",Europe,82012,,,"1,890",
,97,Oman,"398,424",,"4,260 ",,"384,669",,"9,495",2,"74,836",800,"25,000,000","4,695,724","5,323,993 ",Asia,"131,2500",,,"1,783",
,98,North Macedonia,"343,665",,"9,553 ",,"333,824",,288,,"165,120","4,590","2,136,270","1,026,409","2,081,304 ",Europe,62181,,,138,
,99,Kenya,"338,599",,"5,678 ",,"332,837",,84,1,"6,023",101,"3,906,063","69,484","56,215,221 ",Africa,"1669,90114",,,1,
,100,Zambia,"333,644",,"4,017 ",,"329,585",,42,,"17,136",206,"3,743,876","192,287","19,470,234 ",Africa,"584,8475",,,2,
,101,Albania,"332,645",,"3,591 ",,"327,456",,"1,598",,"116,051","1,253","1,941,032","677,173","2,866,374 ",Europe,97981,,,557,
,102,Botswana,"326,344",,"2,790 ",,"322,955",,599,1,"133,684","1,143","2,026,898","830,300","2,441,162 ",Africa,78751,,,245,
,103,Luxembourg,"297,757",,"1,133 ",,"288,991",,"7,633",,"463,528","1,764","4,412,567","6,869,188","642,371 ",Europe,25670,,,"11,883",
,104,Montenegro,"281,890",,"2,784 ",,"278,285",,821,6,"448,905","4,433","2,639,045","4,202,636","627,950 ",Europe,22260,,,"1,307",
,105,Algeria,"270,757",,"6,881 ",,"182,367",,"81,509",,"5,970",152,"230,861","5,091","45,350,148 ",Africa,"1676,591196",,,"1,797",
,106,Nigeria,"265,937",,"3,155 ",,"259,259",,"3,523",11,"1,227",15,"5,441,162","25,104","216,746,934 ",Africa,"81568,70040",,,16,
,107,Zimbabwe,"257,893",,"5,606 ",,"251,904",,383,12,"16,821",366,"2,525,756","164,744","15,331,428 ",Africa,"592,7356",,,25,
,108,Uzbekistan,"244,421",,"1,637 ",,"241,486",,"1,298",23,"7,109",48,"1,377,915","40,077","34,382,084 ",Asia,"14121,00325",,,38,
,109,Brunei ,"231,833",,225 ,,"222,140",,"9,468",3,"520,469",505,"717,784","1,611,437","445,431 ",Asia,"21,9801",,,"21,256",
,110,Mozambique,"230,370",,"2,224 ",,"228,146",,0,11,"6,962",67,"1,371,127","41,437","33,089,461 ",Africa,"14414,87824",,,,
,111,Martinique,"222,830",,"1,047 ",,N/A,N/A,N/A,8,"595,664","2,799","828,928","2,215,870","374,087 ",North America,23570,,,"592,587",
,112,Laos,"216,101",,758 ,,N/A,N/A,N/A,,"28,887",101,"1,233,207","164,845","7,481,023 ",Asia,"359,8696",,,"27,761",
,113,Kyrgyzstan,"206,334",,"2,991 ",,"196,406",,"6,937",131,"30,667",445,"1,907,195","283,460","6,728,271 ",Asia,"332,2504",,,"1,031",
,114,Iceland,"205,963",,213 ,,N/A,N/A,N/A,2,"596,315",617,"1,996,384","5,780,036","345,393 ",Europe,"21,6220",,,"376,571",
,115,El Salvador,"201,785",,"4,230 ",,"179,410",,"18,145",8,"30,805",646,"2,610,114","398,467","6,550,389 ",North America,"321,5493",,,"2,770",
,116,Afghanistan,"201,276",,"7,811 ",,"179,780",,"13,685","1,124","4,939",192,"1,120,863","27,503","40,754,388 ",Asia,"2025,21836",,,336,
,117,Guadeloupe,"195,593",,991 ,,N/A,N/A,N/A,19,"489,234","2,479","938,039","2,346,306","399,794 ",North America,24030,,,"481,128",
,118,Maldives,"185,194",,308 ,,"163,687",,"21,199",25,"342,327",569,"2,213,831","4,092,223","540,985 ",Asia,"31,7560",,,"39,186",
,119,Trinidad and Tobago,"184,261",,"4,235 ",,"177,081",,"2,945",8,"130,999","3,011","842,716","599,122","1,406,585 ",North America,83322,,,"2,094",
,120,Ghana,"170,321",,"1,460 ",,"168,397",,464,2,"5,258",45,"2,511,658","77,531","32,395,450 ",Africa,"19022,18913",,,14,
,121,Uganda,"169,396",,"3,628 ",,"100,431",,"65,337",3,"3,498",75,"3,012,408","62,198","48,432,863 ",Africa,"28613,35016",,,"1,349",
,122,Namibia,"169,253",,"4,065 ",,"164,813",,375,,"64,260","1,543","1,062,663","403,460","2,633,874 ",Africa,166482,,,142,
,123,Jamaica,"151,931",,"3,320 ",,"99,392",,"49,219",,"50,897","1,112","1,183,986","396,633","2,985,094 ",North America,208993,,,"16,488",
,124,Cambodia,"137,970",,"3,056 ",,"134,844",,70,,"8,036",178,"3,071,982","178,930","17,168,639 ",Asia,"1245,6186",,,4,
,125,Rwanda,"132,530",,"1,467 ",,"131,027",,36,,"9,745",108,"5,841,019","429,472","13,600,464 ",Africa,"1039,2712",,,3,
,126,Cameroon,"121,652",,"1,935 ",,"118,616",,"1,101",13,"4,358",69,"1,751,774","62,762","27,911,548 ",Africa,"22914,42516",,,39,
,127,Malta,"115,036",,806 ,,"113,514",,716,4,"259,071","1,815","2,070,158","4,662,172","444,033 ",Europe,45510,,,"1,612",
,128,Angola,"103,131",,"1,917 ",,"101,155",,59,,"2,944",55,"1,499,795","42,818","35,027,343 ",Africa,"34018,27223",,,2,
,129,Barbados,"103,014",,560 ,,"102,024",,430,,"357,659","1,944","770,100","2,673,745","288,023 ",North America,35140,,,"1,493",
,130,French Guiana,"94,073",,410 ,,"11,254",,"82,409",3,"299,434","1,305","651,257","2,072,951","314,169 ",South America,37660,,,"262,308",
,131,DRC,"92,972",,"1,444 ",,"83,522",,"8,006",,976,15,"846,704","8,890","95,240,792 ",Africa,"1,02465,956112",,,84,
,132,Channel Islands,"92,884",,204 ,,"91,820",,860,,"526,365","1,156","1,252,808","7,099,551","176,463 ",Europe,28650,,,"4,874",
,133,Senegal,"88,555",,"1,968 ",,"86,486",,101,,"5,016",111,"1,146,543","64,946","17,653,671 ",Africa,"1998,97015",,,6,
,134,Malawi,"88,057",,"2,682 ",,"84,973",,402,67,"4,363",133,"618,640","30,655","20,180,839 ",Africa,"2297,52533",,,20,
,135,Ivory Coast,"87,602",,827 ,,"86,720",,55,,"3,158",30,"1,637,138","59,012","27,742,298 ",Africa,"31733,54617",,,2,
,136,Suriname,"81,131",,"1,385 ",,N/A,N/A,N/A,,"135,936","2,321","239,280","400,918","596,831 ",South America,74312,,,"50,458",
,137,French Polynesia,"76,706",,649 ,,N/A,N/A,N/A,7,"269,936","2,284",,,"284,164 ",Australia/Oceania,4438,,,"149,762",
,138,New Caledonia,"74,210",,314 ,,"73,884",,12,9,"255,092","1,079","98,964","340,182","290,915 ",Australia/Oceania,49263,,,41,
,139,Eswatini,"73,436",,"1,422 ",,"71,973",,41,,"61,981","1,200","1,045,903","882,755","1,184,817 ",Africa,168331,,,35,
,140,Guyana,"71,404",,"1,281 ",,"70,077",,46,,"89,924","1,613","699,003","880,307","794,045 ",South America,116201,,,58,
,141,Belize,"68,926",,687 ,,"68,215",,24,6,"167,219","1,667","576,016","1,397,453","412,190 ",North America,66001,,,58,
,142,Fiji,"68,248",,878 ,,"66,307",,"1,063",,"75,042",965,"663,351","729,385","909,466 ",Australia/Oceania,"131,0361",,,"1,169",
,143,Madagascar,"66,687",,"1,410 ",,"65,267",,10,,"2,286",48,"512,993","17,581","29,178,077 ",Africa,"43820,69457",,,0.3,
,144,Sudan,"63,449",,"4,964 ",,"57,511",,974,,"1,380",108,"562,941","12,240","45,992,020 ",Africa,"7259,26582",,,21,
,145,Mauritania,"63,110",,995 ,,"61,898",,217,,"12,874",203,"984,105","200,757","4,901,981 ",Africa,"784,9275",,,44,
,146,Cabo Verde,"62,397",,410 ,,"61,923",,64,23,"109,916",722,"401,622","707,482","567,678 ",Africa,"91,3851",,,113,
,147,Bhutan,"62,247",,21 ,,"61,564",,662,,"79,000",27,"2,303,734","2,923,739","787,941 ",Asia,"1337,5210",,,840,
,148,Syria,"57,337",,"3,163 ",,"54,158",,16,,"2,961",163,"146,269","7,553","19,364,809 ",Asia,"3386,122132",,,0.8,
,149,Burundi,"50,289",,38 ,,"50,104",,147,,"3,983",3,"345,742","27,386","12,624,840 ",Africa,"251332,23337",,,12,
,150,Gabon,"48,810",,306 ,,"48,353",,151,,"20,935",131,"1,618,431","694,149","2,331,533 ",Africa,"487,6191",,,65,
,151,Seychelles,"47,141",,169 ,,"46,446",,526,,"474,132","1,700",,,"99,426 ",Africa,2588,,,"5,290",
,152,Andorra,"46,366",,155 ,,"46,087",,124,14,"598,557","2,001","249,838","3,225,256","77,463 ",Europe,25000,,,"1,601",
,153,Papua New Guinea,"45,264",,668 ,,"43,982",,614,7,"4,871",72,"249,149","26,813","9,292,169 ",Australia/Oceania,"20513,91037",,,66,
,154,Curaçao,"45,127",,282 ,,"44,720",,125,3,"272,623","1,704","496,693","3,000,640","165,529 ",North America,45870,,,755,
,155,Aruba,"42,914",,227 ,,"42,438",,249,2,"398,796","2,109","177,885","1,653,068","107,609 ",North America,34741,,,"2,314",
,156,Mauritius,"40,548",,"1,030 ",,"38,894",,624,,"31,809",808,"358,675","281,374","1,274,727 ",Africa,"311,2384",,,490,
,157,Mayotte,"40,297",,187  ,,N/A,N/A,N/A,,"140,771",653,"176,919","618,038","286,259 ",Africa,"71,5312",,,"129,764",
,158,Tanzania,"39,679",,845 ,,N/A,N/A,N/A,7,627,13,,,"63,298,550 ",Africa,"1,59574,910",,,611,
,159,Togo,"39,256",,287 ,,"38,839",,130,,"4,522",33,"795,598","91,650","8,680,837 ",Africa,"22130,24711",,,15,
,160,Isle of Man,"38,008",,116 ,,N/A,N/A,N/A,,"443,335","1,353","150,753","1,758,422","85,732 ",Europe,27391,,,"129,450",
,161,Guinea,"37,950",,455 ,,"37,034",,461,8,"2,737",33,"660,107","47,607","13,865,691 ",Africa,"36530,47421",,,33,
,162,Bahamas,"37,334",,833 ,,"36,226",,275,2,"93,215","2,080","248,846","621,314","400,516 ",North America,114812,,,687,
,163,Faeroe Islands,"34,658",,28 ,,N/A,N/A,N/A,5,"703,959",569,"778,000","15,802,409","49,233 ",Europe,"11,7580",,,"547,133",
,164,Lesotho,"34,490",,706 ,,"25,980",,"7,804",,"15,852",324,"431,221","198,199","2,175,699 ",Africa,"633,0825",,,"3,587",
,165,Haiti,"33,764",,857 ,,"31,434",,"1,473",,"2,891",73,"132,422","11,337","11,680,283 ",North America,"34613,62988",,,126,
,166,Mali,"32,711",,742 ,,"31,865",,104,,"1,523",35,"765,644","35,655","21,473,764 ",Africa,"65628,94028",,,5,
,167,Cayman Islands,"30,809",,34 ,,"8,553",,"22,222",1,"457,943",505,"222,773","3,311,280","67,277 ",North America,"21,9790",,,"330,306",
,168,Saint Lucia,"29,550",,404 ,,"29,095",,51,,"159,632","2,182","210,983","1,139,752","185,113 ",North America,64581,,,276,
,169,Benin,"27,782",,163 ,,"27,464",,155,5,"2,173",13,"604,310","47,268","12,784,726 ",Africa,"46078,43421",,,12,
,170,Somalia,"27,223",,"1,361 ",,"13,182",,"12,680",,"1,616",81,"400,466","23,778","16,841,795 ",Africa,"61912,37542",,,753,
,171,Congo,"24,837",,386 ,,"24,006",,445,,"4,284",67,"347,815","59,991","5,797,805 ",Africa,"23315,02017",,,77,
,172,Timor-Leste,"23,288",,138 ,,"23,102",,48,,"17,006",101,"278,529","203,391","1,369,429 ",Asia,"599,9235",,,35,
,173,Micronesia,"21,815",,55 ,,N/A,N/A,N/A,1,"185,677",468,"21,923","186,596","117,489 ",Australia/Oceania,"52,1365",,,"183,728",
,174,Burkina Faso,"21,631",,387 ,,"21,143",,101,,979,18,"248,995","11,265","22,102,838 ",Africa,"1,02257,11389",,,5,
,175,Solomon Islands,"21,544",,153 ,,"16,357",,"5,034",1,"29,874",212,"5,117","7,096","721,159 ",Australia/Oceania,"334,713141",,,"6,980",
,176,San Marino,"21,291",,118 ,,"20,898",,275,4,"624,644","3,462","157,634","4,624,732","34,085 ",Europe,22890,,,"8,068",
,177,Liechtenstein,"20,389",,86 ,,"19,953",,350,2,"531,143","2,240","102,174","2,661,682","38,387 ",Europe,24460,,,"9,118",
,178,Gibraltar,"20,121",,108 ,,"16,579",,"3,434",,"596,991","3,204","534,283","15,852,213","33,704 ",Europe,23120,,,"101,887",
,179,Grenada,"19,536",,237 ,,"19,248",,51,4,"172,161","2,089","179,808","1,584,560","113,475 ",North America,64791,,,449,
,180,Nicaragua,"18,491",,225 ,,"4,225",,"14,041",,"2,728",33,,,"6,779,100 ",North America,"36730,129",,,"2,071",
,181,Bermuda,"18,280",,148 ,,"18,066",,66,,"295,129","2,389","1,011,510","16,330,745","61,939 ",North America,34190,,,"1,066",
,182,South Sudan,"17,823",,138 ,,"17,335",,350,1,"1,534",12,"410,280","35,313","11,618,511 ",Africa,"65284,19228",,,30,
,183,Tajikistan,"17,786",,125 ,,"17,264",,397,,"1,786",13,,,"9,957,464 ",Asia,"56079,660",,,40,
,184,Equatorial Guinea,"17,081",,183 ,,"16,713",,185,5,"11,413",122,"365,697","244,342","1,496,662 ",Africa,"888,1784",,,124,
,185,Tonga,"16,182",,12 ,,"15,638",,532,,"150,182",111,"535,009","4,965,327","107,749 ",Australia/Oceania,"78,9790",,,"4,937",
,186,Samoa,"15,941",,29 ,,"1,605",,"14,307",4,"78,823",143,"187,397","926,612","202,239 ",Australia/Oceania,"136,9741",,,"70,743",
,187,Dominica,"15,760",,74 ,,"15,673",,13,,"217,848","1,023","229,344","3,170,187","72,344 ",North America,59780,,,180,
,188,Djibouti,"15,690",,189 ,,"15,427",,74,,"15,441",186,"305,941","301,094","1,016,097 ",Africa,"655,3763",,,73,
,189,Marshall Islands,"15,375",,17 ,,"15,192",,166,22,"256,007",283,,,"60,057 ",Australia/Oceania,"43,533",,,"2,764",
,190,CAR,"14,957",,113 ,,"14,536",,308,2,"2,981",23,"81,294","16,205","5,016,678 ",Africa,"33544,39562",,,61,
,191,Monaco,"14,790",,63  ,,"14,671",,56,4,"371,767","1,584","78,646","1,976,875","39,783 ",Europe,36311,,,"1,408",
,192,Gambia,"12,508",,372 ,,"12,028",,108,,"4,889",145,"155,686","60,851","2,558,482 ",Africa,"2056,87816",,,42,
,193,Saint Martin,"11,992",,63 ,,"1,399",,"10,530",7,"301,837","1,586","112,382","2,828,643","39,730 ",North America,36310,,,"265,039",
,194,Greenland,"11,971",,21 ,,"2,761",,"9,189",4,"210,117",369,"164,926","2,894,810","56,973 ",North America,"52,7130",,,"161,287",
,195,Vanuatu,"11,941",,14 ,,"11,918",,9,,"37,103",44,"24,976","77,606","321,832 ",Australia/Oceania,"2722,98813",,,28,
,196,Yemen,"11,939",,"2,158 ",,"9,124",,657,23,383,69,"329,592","10,579","31,154,867 ",Asia,"2,61014,43795",,,21,
,197,Caribbean Netherlands,"11,284",,36 ,,"10,476",,772,,"423,462","1,351","30,126","1,130,559","26,647 ",North America,27401,,,"28,971",
,198,Sint Maarten,"10,908",,87 ,,"10,806",,15,,"248,101","1,979","62,056","1,411,454","43,966 ",North America,45051,,,341,
,199,Eritrea,"10,182",,103 ,,"10,077",,2,,"2,780",28,"23,693","6,470","3,662,244 ",Africa,"36035,556155",,,0.5,
,200,Niger,"9,931",,312 ,,"8,890",,729,1,381,12,"254,538","9,759","26,083,660 ",Africa,"2,62683,601102",,,28,
,201,Antigua and Barbuda,"9,106",,146 ,,"8,954",,6,1,"91,509","1,467","18,901","189,943","99,509 ",North America,116825,,,60,
,202,Guinea-Bissau,"8,831",,176 ,,"8,310",,345,6,"4,280",85,"145,231","70,385","2,063,367 ",Africa,"23411,72414",,,167,
,203,Comoros,"8,481",,161 ,,"8,316",,4,,"9,346",177,,,"907,419 ",Africa,"1075,636",,,4,
,204,Liberia,"7,985",,294 ,,"7,681",,10,2,"1,505",55,"139,824","26,356","5,305,117 ",Africa,"66418,04538",,,2,
,205,Sierra Leone,"7,752",,126 ,,N/A,N/A,N/A,,933,15,"259,958","31,296","8,306,436 ",Africa,"1,07265,92432",,,330,
,206,Chad,"7,613",,193 ,,"4,874",,"2,546",,437,11,"191,341","10,988","17,413,580 ",Africa,"2,28790,22691",,,146,
,207,British Virgin Islands,"7,305",,64 ,,N/A,N/A,N/A,,"238,757","2,092","107,339","3,508,269","30,596 ",North America,44780,,,392,
,208,St. Vincent Grenadines,"7,112",,115 ,,"6,641",,356,,"63,756","1,031","100,856","904,125","111,551 ",North America,169701,,,"3,191",
,209,Saint Kitts and Nevis,"6,541",,46 ,,"6,482",,13,,"121,420",854,"124,861","2,317,778","53,871 ",North America,"81,1710",,,241,
,210,Cook Islands,"6,389",,1 ,,"6,384",,4,,"363,610",57,"19,690","1,120,596","17,571 ",Australia/Oceania,"317,5711",,,228,
,211,Turks and Caicos,"6,380",,36 ,,"6,321",,23,4,"160,539",906,"550,093","13,841,952","39,741 ",North America,"61,1040",,,579,
,212,Sao Tome and Principe,"6,252",,77 ,,"6,159",,16,,"27,460",338,"29,036","127,530","227,679 ",Africa,"362,9578",,,70,
,213,Palau,"5,490",,7 ,,"5,473",,10,1,"301,102",384,"65,505","3,592,662","18,233 ",Australia/Oceania,"32,6050",,,548,
,214,St. Barth,"5,302",,6 ,,N/A,N/A,N/A,,"533,132",603,"78,646","7,908,095","9,945 ",North America,"21,6580",,,"486,073",
,215,Nauru,"4,611",,1 ,,"4,605",,5,,"422,911",92,"20,509","1,881,042","10,903 ",Australia/Oceania,"210,9031",,,459,
,216,Anguilla,"3,866",,12 ,,"3,849",,5,4,"253,841",788,"51,382","3,373,736","15,230 ",North America,"41,2690",,,328,
,217,Kiribati,"3,430",,13 ,,"2,703",,714,3,"27,792",105,,,"123,419 ",Australia/Oceania,"369,494",,,"5,785",
,218,Saint Pierre Miquelon,"3,231",,1 ,,"2,449",,781,1,"561,035",174,"25,120","4,361,868","5,759 ",North America,"25,7590",,,"135,614",
,219,Falkland Islands,"1,930",, ,,"1,886",,44,,"545,352",,"8,632","2,439,107","3,539 ",South America,20,,,"12,433",
,220,Saint Helena,"1,748",, ,,2,,"1,746",,"285,854",,,,"6,115 ",Africa,3,,,"285,527",
,221,Montserrat,"1,403",,8 ,,"1,376",,19,,"282,578","1,611","17,762","3,577,442","4,965 ",North America,46210,,,"3,827",
,222,Macao,793,,6 ,,787,,0,,"1,188",9,"7,850","11,760","667,490 ",Asia,"842111,24885",,,,
,223,Wallis and Futuna,761,,7 ,,438,,316,,"69,295",637,"20,508","1,867,419","10,982 ",Australia/Oceania,"141,5691",,,"28,774",
,224,Diamond Princess,712,,13 ,,699,,0,,,,,, ,,,,,,
,225,Niue,83,, ,,81,,2,,"51,171",,,,"1,622 ",Australia/Oceania,20,,,"1,233",
,226,Vatican City,29,, ,,29,,0,,"36,295",,,,799 ,Europe,28,,,,
,227,Tuvalu,20,, ,,,,20,,"1,658",,,,"12,066 ",Australia/Oceania,603,,,"1,658",
,228,Western Sahara,10,,1 ,,9,,0,,16,2,,,"626,161 ",Africa,"62,616626,161",,,,
,229,MS Zaandam,9,,2 ,,7,,0,,,,,, ,,,,,,
,230,China,"256,268",+250,"5,226 ",,"246,629",+300,"4,413",15,177,4,"160,000,000","110,461","1,448,471,400 ",Asia,"5,652277,1669",0.2,,3,
,,Total:,"117,255,163",,"1,547,054",,"112,560,982",,"3,147,127","7,706",,,,,,North America, ,,,,,,
,,Total:,"191,939,116","+33,440","1,484,215",+5,"185,959,514","+31,999","4,495,387","9,528",,,,,,Asia, ,,,,,,
,,Total:,"231,671,114",,"1,930,872",,"224,036,828",,"5,703,414","10,056",,,,,,Europe, ,,,,,,
,,Total:,"64,268,411",,"1,331,534",,"62,578,553",,"358,324","10,165",,,,,,South America, ,,,,,,
,,Total:,"12,514,512","+1,087","21,352",+12,"12,313,681",+0,"179,479",91,,,,,,Australia/Oceania, ,,,,,,
,,Total:,"12,659,954",,"257,742",,"11,998,118",,"404,094","1,000",,,,,,Africa, ,,,,,,
,,Total:,721,,15,,706,,0,0,,,,,,, ,,,,,,
,,Total:,"630,308,991","+34,527","6,572,784",+17,"609,448,382","+64,306","14,287,825","38,546","80,862.8",843.2,,,,All,,,,,,,,
